{"types":{"X1":"categorical","X2":"continuous","X3":"binary","X4":"continuous","X5":"continuous"},"cov":[1,-0.0306145230449189,0.0208830586098031,-0.0359346763460873,-0.0535277400221604,-0.0306145230449189,1,-0.497053296650343,0.954047292688239,0.640976642387961,0.0208830586098031,-0.497053296650343,1,-0.354894383329636,0.0675300935144218,-0.0359346763460873,0.954047292688239,-0.354894383329636,1,0.592639898885655,-0.0535277400221604,0.640976642387961,0.0675300935144218,0.592639898885655,1],"marginals":{"X1":{"1":0.3,"2":0.5,"3":0.2},"X2":{"0%":-4.20473742879299,"1%":-1.76786312682403,"2%":-1.05254088635075,"3%":-0.545022807088511,"4%":-0.238564946998664,"5%":-0.024721259378544,"6%":0.272149332011074,"7%":0.450715684856973,"8%":0.644108192863731,"9%":0.805933567746436,"10%":0.928539361248393,"11%":1.1248970355616,"12%":1.31858351647826,"13%":1.40635560969033,"14%":1.58387542449193,"15%":1.81098986947851,"16%":1.95732183069802,"17%":2.10721191037804,"18%":2.24968506248155,"19%":2.34034076013908,"20%":2.50607889183295,"21%":2.60283156063685,"22%":2.70511926611382,"23%":2.81576924013753,"24%":2.92686336376497,"25%":3.10258066866488,"26%":3.25257541075476,"27%":3.38709757520928,"28%":3.49888924564742,"29%":3.54681698375632,"30%":3.64844212321079,"31%":3.72026541312753,"32%":3.80838360158215,"33%":3.85474646727188,"34%":3.9179665956489,"35%":4.00466764747404,"36%":4.09505923279744,"37%":4.21693977213056,"38%":4.2887328214243,"39%":4.33485054426241,"40%":4.40809523601741,"41%":4.46393166713894,"42%":4.52761616935306,"43%":4.59082571364695,"44%":4.65793256657774,"45%":4.73688078450728,"46%":4.79209900793005,"47%":4.84721004410338,"48%":4.94316163717404,"49%":5.05220069424327,"50%":5.10625186146753,"51%":5.19595351775707,"52%":5.2827580050642,"53%":5.32567651159071,"54%":5.39600318803071,"55%":5.4858511942931,"56%":5.57175708718883,"57%":5.67370154445549,"58%":5.736822524136,"59%":5.87063061218923,"60%":5.94692229217238,"61%":5.99879378557991,"62%":6.08375560621517,"63%":6.13106539836941,"64%":6.18918463004807,"65%":6.28020688529012,"66%":6.32277771833547,"67%":6.40498130305336,"68%":6.53897709905619,"69%":6.60561159897291,"70%":6.71144401299025,"71%":6.80228457881485,"72%":6.90952943753881,"73%":6.95804932279007,"74%":7.02127526926274,"75%":7.10382491822326,"76%":7.20843451367616,"77%":7.30118736728348,"78%":7.39802916929366,"79%":7.44305206192217,"80%":7.5550437895692,"81%":7.6720835432284,"82%":7.77530493433026,"83%":7.93764452560181,"84%":8.05361644344971,"85%":8.15644695869373,"86%":8.30402095563255,"87%":8.48747386282008,"88%":8.58314227460996,"89%":8.90407568927127,"90%":9.09905231473243,"91%":9.25961530979232,"92%":9.51028754929273,"93%":9.76449916448508,"94%":10.0487039433026,"95%":10.219695514343,"96%":10.4703193501421,"97%":10.9703801837493,"98%":11.5150950908608,"99%":11.9295198910402,"100%":15.5100301568742},"X3":{"0":0.871,"1":0.129},"X4":{"0%":-0.770716031907231,"1%":-0.197861981148937,"2%":-0.0407363128994496,"3%":0.0368044453472911,"4%":0.0850181094386998,"5%":0.117058383844467,"6%":0.161907612352706,"7%":0.202677737288254,"8%":0.239517078368795,"9%":0.281738248132493,"10%":0.308345966206428,"11%":0.3490859123909,"12%":0.379776871567592,"13%":0.407286111142021,"14%":0.455071869262538,"15%":0.494145207960511,"16%":0.528079221807255,"17%":0.559308073982938,"18%":0.58343647106805,"19%":0.61726543800066,"20%":0.636442192984931,"21%":0.65571890515201,"22%":0.677449468611515,"23%":0.696588324498727,"24%":0.704280679911704,"25%":0.718163243960589,"26%":0.729727893770018,"27%":0.743537842575743,"28%":0.754467590666136,"29%":0.766149824300164,"30%":0.773188929682359,"31%":0.784741169226032,"32%":0.797133319182915,"33%":0.805952812873741,"34%":0.824343624532527,"35%":0.843389901412499,"36%":0.855881250898659,"37%":0.864373258994598,"38%":0.871201542211141,"39%":0.885947422421208,"40%":0.893431095156557,"41%":0.903087624448425,"42%":0.914180714555781,"43%":0.927364277911062,"44%":0.941444267766304,"45%":0.952404009322791,"46%":0.965842474055518,"47%":0.975952005853515,"48%":0.988632327434808,"49%":1.01044013884866,"50%":1.0212503722935,"51%":1.03919070355141,"52%":1.05655160101284,"53%":1.06513530231815,"54%":1.07920063760614,"55%":1.09717023885862,"56%":1.11435141743777,"57%":1.1347403088911,"58%":1.1473645048272,"59%":1.17412612243784,"60%":1.18938445843448,"61%":1.19975875711598,"62%":1.21675112124303,"63%":1.22621307967389,"64%":1.23783692600962,"65%":1.25604137705802,"66%":1.26455554366709,"67%":1.28099626061067,"68%":1.30779541981124,"69%":1.32112231979458,"70%":1.34228880259805,"71%":1.36045691576297,"72%":1.38190588750776,"73%":1.39160986455802,"74%":1.40425505385255,"75%":1.42076498364465,"76%":1.44168690273523,"77%":1.46023747345669,"78%":1.47960583385873,"79%":1.48861041238443,"80%":1.51100875791384,"81%":1.53441670864568,"82%":1.55506098686605,"83%":1.58752890512036,"84%":1.61072328868994,"85%":1.63128939173875,"86%":1.66080419112651,"87%":1.69749477256402,"88%":1.71662845492199,"89%":1.78081513785425,"90%":1.81981046294649,"91%":1.85192306195846,"92%":1.90205750985854,"93%":1.95289983289702,"94%":2.00974078866052,"95%":2.04393910286859,"96%":2.09406387002843,"97%":2.19407603674986,"98%":2.30301901817218,"99%":2.38590397820803,"100%":3.10200603137484},"X5":{"0%":-2.61929060256077,"1%":-0.385797129523295,"2%":-0.17665812108631,"3%":-0.0551878129599158,"4%":-0.0075735450278453,"5%":0.0418479379052509,"6%":0.0645027397007044,"7%":0.09493840716622,"8%":0.122426790433442,"9%":0.149717891730434,"10%":0.179308840528981,"11%":0.224866424672977,"12%":0.247288868074468,"13%":0.269562408300346,"14%":0.286610861643559,"15%":0.308113451471369,"16%":0.32075137770742,"17%":0.329207082405472,"18%":0.340281290726504,"19%":0.350636386898024,"20%":0.355336780050444,"21%":0.364888615089921,"22%":0.372055139805699,"23%":0.380879978193174,"24%":0.385542543469357,"25%":0.391109623591478,"26%":0.39964146894893,"27%":0.40757146626716,"28%":0.416135995415839,"29%":0.427099334005189,"30%":0.432235793928653,"31%":0.435976061496889,"32%":0.445280710154637,"33%":0.449999892628942,"34%":0.454320340051966,"35%":0.460262660365596,"36%":0.467292961001328,"37%":0.474153843742289,"38%":0.480709401811549,"39%":0.484722787887507,"40%":0.493446794033509,"41%":0.503906182941876,"42%":0.508257978197096,"43%":0.513515792390743,"44%":0.523657083652928,"45%":0.530041638049249,"46%":0.534900442616477,"47%":0.541280322993451,"48%":0.55081273252847,"49%":0.558842599077103,"50%":0.568777004958541,"51%":0.575122929386946,"52%":0.589223706500839,"53%":0.595237851138562,"54%":0.600876657293478,"55%":0.608447811846825,"56%":0.613131002966126,"57%":0.618918801657319,"58%":0.627778460855347,"59%":0.631581541703109,"60%":0.639925456694921,"61%":0.651191640377617,"62%":0.659643506237921,"63%":0.668744756733747,"64%":0.677274138492586,"65%":0.683228346689799,"66%":0.692138784831321,"67%":0.697144471706566,"68%":0.703916001853698,"69%":0.710557675507866,"70%":0.720042671805561,"71%":0.728302381294757,"72%":0.737197387217635,"73%":0.741701841093469,"74%":0.747905907866361,"75%":0.759429663799712,"76%":0.768274195800184,"77%":0.777037712158245,"78%":0.79197782926696,"79%":0.804752878292533,"80%":0.811377296540941,"81%":0.826785336411367,"82%":0.835514582655209,"83%":0.851549752173249,"84%":0.866317218149899,"85%":0.893144377500642,"86%":0.909615027116956,"87%":0.923831212247953,"88%":0.93867335502958,"89%":0.952402366557252,"90%":0.979080293397864,"91%":1.00487637562381,"92%":1.01957416795376,"93%":1.0405463992179,"94%":1.07419615530504,"95%":1.12053137128223,"96%":1.17004797336658,"97%":1.25415229853543,"98%":1.41733408611642,"99%":1.79942375046073,"100%":2.883656189521}},"missingnessMarginals":{"X1":0,"X2":0,"X3":0,"X4":0,"X5":0},"missingnessCov":[0,0,0,0,0,0,0,0,0,0,0,0,0,0,0,0,0,0,0,0,0,0,0,0,0],"n":1000}
