{"types":{"X1":"categorical","X2":"continuous","X3":"binary","X4":"continuous","X5":"continuous"},"cov":[1,-0.0324892785170423,0.0110020184798991,-0.0529023369010287,-0.0492605390813003,-0.0324892785170423,1,-0.508789086965911,0.94647556608324,0.628203142944316,0.0110020184798991,-0.508789086965911,1,-0.363006025153848,0.0621729641502336,-0.0529023369010287,0.94647556608324,-0.363006025153848,1,0.580632466737784,-0.0492605390813003,0.628203142944316,0.0621729641502336,0.580632466737784,1],"marginals":{"X1":{"1":0.292,"2":0.491,"3":0.199},"X2":{"0%":-4.20473742879299,"1%":-1.77606340090964,"2%":-1.10751093004038,"3%":-0.615321504420015,"4%":-0.255739150208234,"5%":-0.025810007583395,"6%":0.250506961027063,"7%":0.446247759347182,"8%":0.637696655244021,"9%":0.789717441428925,"10%":0.939481642661555,"11%":1.15265462225925,"12%":1.32623804693666,"13%":1.40530293552441,"14%":1.58375944212084,"15%":1.78706399276497,"16%":1.94953665329004,"17%":2.10739248366049,"18%":2.24982510847492,"19%":2.34076925946927,"20%":2.51286162141817,"21%":2.607509549776,"22%":2.70261471190526,"23%":2.80160964093723,"24%":2.91552328802306,"25%":3.09441977476594,"26%":3.24924293647768,"27%":3.38503077890286,"28%":3.49014600626101,"29%":3.530704678231,"30%":3.63202471606304,"31%":3.71845417524097,"32%":3.80093808585462,"33%":3.84558406722473,"34%":3.90267935930798,"35%":3.99805407013335,"36%":4.09553464614582,"37%":4.21674994095771,"38%":4.28964833165029,"39%":4.33536004686464,"40%":4.42373931250286,"41%":4.46629515726068,"42%":4.53208401136548,"43%":4.58871743514853,"44%":4.64475588611055,"45%":4.73115724093058,"46%":4.77644708036837,"47%":4.83978584471166,"48%":4.93885129092447,"49%":5.05081905280782,"50%":5.08873256704505,"51%":5.17968078627305,"52%":5.27528142456558,"53%":5.31678077620446,"54%":5.36722856791318,"55%":5.45971719977506,"56%":5.52909654739848,"57%":5.62421326316773,"58%":5.69840618371386,"59%":5.82140718087077,"60%":5.9376276178654,"61%":5.98903531227168,"62%":6.04872311559441,"63%":6.12679673702614,"64%":6.17503300147821,"65%":6.27424440623855,"66%":6.3150710757748,"67%":6.39366306617818,"68%":6.50879577985839,"69%":6.59595676415383,"70%":6.67641009920266,"71%":6.76609335442963,"72%":6.84379177148132,"73%":6.93675633859624,"74%":6.99199486670747,"75%":7.08489638670682,"76%":7.14313084749288,"77%":7.27755343048788,"78%":7.36281685773829,"79%":7.42263960142977,"80%":7.49428345642154,"81%":7.64153484441012,"82%":7.71859562441188,"83%":7.87247641809586,"84%":7.9672177507418,"85%":8.09290510913498,"86%":8.27561397858726,"87%":8.37370214088465,"88%":8.55408802949955,"89%":8.69487874003338,"90%":9.03368253824258,"91%":9.20379971098129,"92%":9.42148384902507,"93%":9.73580462784301,"94%":10.0398031317134,"95%":10.2436889899462,"96%":10.4766759955209,"97%":11.0076382602727,"98%":11.5128055704331,"99%":11.8715315263452,"100%":15.5100301568742},"X3":{"0":0.834,"1":0.126},"X4":{"0%":-0.770716031907231,"1%":-0.194942756174852,"2%":-0.0345220944459661,"3%":0.0385335116467967,"4%":0.0855182771453335,"5%":0.117058383844467,"6%":0.170012596566216,"7%":0.204652843782077,"8%":0.243872471494657,"9%":0.286077645824923,"10%":0.314714753860608,"11%":0.355032474489983,"12%":0.380781586635858,"13%":0.412947667252738,"14%":0.462987645219545,"15%":0.496335579473767,"16%":0.531062107601078,"17%":0.560365739316989,"18%":0.588732461223977,"19%":0.619951167294773,"20%":0.641474205406523,"21%":0.666942574628722,"22%":0.687320258150861,"23%":0.700234104684308,"24%":0.709209711094007,"25%":0.725040326703068,"26%":0.737295889328908,"27%":0.745577094454096,"28%":0.761528745081017,"29%":0.76866608509836,"30%":0.775992598293114,"31%":0.788070246210105,"32%":0.800263691461653,"33%":0.808873220332386,"34%":0.831929186198221,"35%":0.848712229481569,"36%":0.860963531857545,"37%":0.866930574235098,"38%":0.874016052571402,"39%":0.890700772381771,"40%":0.900873202866215,"41%":0.904447469056151,"42%":0.918586798429073,"43%":0.928942320812324,"44%":0.947057265502152,"45%":0.955340045282209,"46%":0.966924162681168,"47%":0.976877421127843,"48%":0.990327824393089,"49%":1.01179971383408,"50%":1.02413648948382,"51%":1.04547359774895,"52%":1.0593985586763,"53%":1.06716993651651,"54%":1.08088294669393,"55%":1.10070771029234,"56%":1.11861660048812,"57%":1.1393414937249,"58%":1.1599171616766,"59%":1.18203393885989,"60%":1.19439273872763,"61%":1.20783592022383,"62%":1.22342992629445,"63%":1.23211154295669,"64%":1.24097460730155,"65%":1.25777353194204,"66%":1.27081298197155,"67%":1.28574305610101,"68%":1.31003402297271,"69%":1.32313432928176,"70%":1.34328613348935,"71%":1.36083708566797,"72%":1.38196651234931,"73%":1.39148674899389,"74%":1.40295537305911,"75%":1.42038088177744,"76%":1.43912709021443,"77%":1.45765657405311,"78%":1.47910802062438,"79%":1.48721575996878,"80%":1.50889494007722,"81%":1.52999862495648,"82%":1.54728325729125,"83%":1.57691912989433,"84%":1.59875805935321,"85%":1.6194157742016,"86%":1.65685185528888,"87%":1.67523230762784,"88%":1.71159767851145,"89%":1.7595157892872,"90%":1.81896399252278,"91%":1.84933600569344,"92%":1.89069560108774,"93%":1.94143338136073,"94%":2.01130954565765,"95%":2.04634756466666,"96%":2.09493068530735,"97%":2.19771097104483,"98%":2.30580398454282,"99%":2.39785042928953,"100%":3.10200603137484},"X5":{"0%":-2.61929060256077,"1%":-0.416095965831197,"2%":-0.177377594230389,"3%":-0.0568887080010984,"4%":-0.00645098009323796,"5%":0.0410204043838692,"6%":0.0641614246094241,"7%":0.088988806315164,"8%":0.120336898857027,"9%":0.147620821808971,"10%":0.177820193553886,"11%":0.224334813431079,"12%":0.247238482892401,"13%":0.266596675494888,"14%":0.28826236326321,"15%":0.307600886714218,"16%":0.320325004226948,"17%":0.329651270980386,"18%":0.339718060155387,"19%":0.35090514051721,"20%":0.356362955105393,"21%":0.365131983992864,"22%":0.371997942819807,"23%":0.380404439394768,"24%":0.385746606394599,"25%":0.390881487216177,"26%":0.399287326090454,"27%":0.408682004167625,"28%":0.417916503369162,"29%":0.427177372168245,"30%":0.433061726755654,"31%":0.436437595628186,"32%":0.445233824586419,"33%":0.448634286567339,"34%":0.453894646940009,"35%":0.459588876753961,"36%":0.46737740073321,"37%":0.474145556834829,"38%":0.480703866580551,"39%":0.484550073978033,"40%":0.493933832987884,"41%":0.505171944220648,"42%":0.509797471524805,"43%":0.516302861654259,"44%":0.527595635375127,"45%":0.531670525568015,"46%":0.536426591469699,"47%":0.543400185487209,"48%":0.551116323925953,"49%":0.559010463387166,"50%":0.568629480204689,"51%":0.57411737286039,"52%":0.58728736657448,"53%":0.59445617096231,"54%":0.599289282970488,"55%":0.606438517513347,"56%":0.612900304167901,"57%":0.618514405287402,"58%":0.625838798809588,"59%":0.629530021877738,"60%":0.636757376239292,"61%":0.648525015439564,"62%":0.658942670304549,"63%":0.665444062617464,"64%":0.673073455270725,"65%":0.681154789332432,"66%":0.690883035240378,"67%":0.695498804029628,"68%":0.701065863186931,"69%":0.709562398547657,"70%":0.714916173663757,"71%":0.726201476703939,"72%":0.732764776578833,"73%":0.74027151169126,"74%":0.743717327520662,"75%":0.753970441805005,"76%":0.763025624279141,"77%":0.773507953417707,"78%":0.78311767986275,"79%":0.796451473127191,"80%":0.80800093516794,"81%":0.814024091198408,"82%":0.829238748989174,"83%":0.840082402179461,"84%":0.85587152440466,"85%":0.878501154884133,"86%":0.903368253824258,"87%":0.922780524326766,"88%":0.936136919716563,"89%":0.952293787021038,"90%":0.97965944878306,"91%":1.00544713295613,"92%":1.02002630771251,"93%":1.04004732682941,"94%":1.07131132566117,"95%":1.11950368527849,"96%":1.16950548727104,"97%":1.25456142486392,"98%":1.4237147167415,"99%":1.81359236569175,"100%":2.883656189521}},"missingnessMarginals":{"X1":0.018,"X2":0.047,"X3":0.04,"X4":0.04,"X5":0.069},